/*insert into [dbo].[film] values 
('The Shawshank Redemption', 1994, '2hr 22min', 'Crime/Drama', 'Frank Darabont', 58300000, 9.3, 91),
('Good Will Hunting', 1997, '2hr 6min', 'Drama', 'Gus Van Sant', 225900000, 8.3, 97),
('The Hunt For Red October', 1990, '2hr 15min', 'Action', 'John McTiernan', 200500000,7.6,86),
('Suicide Squad', 2016, '2hr 3min', 'Sci-Fi', 'David Ayer', 7456000000, 6.1, 26),
('American Sniper', 2014, '2hr 13min', 'Action', 'Clint Eastwood', 5474000000, 7.3,72),
('Gran Torino', 2008, '1hr 56min', 'Drama', 'Clint Eastwood', 270000000, 8.2, 80),
('The Hangover', 2009, '1hr 40 min', 'Comedy', 'Todd Phillips', 467500000, 7.7, 79),
('The Hangover Part II', 2011, '1hr 42min','Comedy', 'Todd Phillips', 586800000, 6.5, 33),
('The Hangover Part III', 2013, '1h 40min', 'Comedy', 'Todd Phillips', 362000000,5.9,21),
('Braveheart', 1995, '2hr 58 min', 'Action', 'Mel Gibson', 210400000, 8.4, 78), 
('The Patriot', 2000, '2hr 45min', 'Action', 'Roland Emmerich', 215300000, 7.2, 61),
('FernGully', 1992 , '1hr 16min', 'Animation', 'Bill Kroyer', 32700000, 6.5, 67),
( 'Insidious Chapter 2', 2011, '1hr 46min', 'Horror', 'James Wan', 161900000, 6.6, 39), 
('Black Hawk Down', 2001, '2hr 24min', 'Drama', 'Ridley Scott', 173000000,7.7, 76),
('Scent of a Woman', 1992,'2hr 36min', 'Drama', 'Martin Brest', 134100000, 8,88),
('Ronin', 1998, '2hr 3min', 'Action', 'John Frankenheimer', 70700000,7.3,68),
('Goosebumps', 2015, '1hr 43min', 'Horror', 'Rob Letterman', 150200000, 6.3, 76),
('A Christmans Story', 1983, '1hr 34min', 'Comedy', 'Bob Clark', 33000000, 8.0, 89),
('Lethal Weapon', 1987, '1hr 50min', 'Action', 'Richard Donner', 120200000, 7.6,83),
('Shaft',2000, '1hr 39min', 'Action', 'John Singleton', 107200000, 5.9,68),
('A Low Down Dirty Shame',1994, '1hr 40min', 'Action', 'Keenen Ivory Wayans', 29400000, 5.9, 0),
('The Last Boy Scout', 1991, '1hr 45min', 'Action', 'Tony Scott', 59500000, 6.9, 44),
('The Matrix', 1999, '2hr 16min', 'Sci-Fi', 'Lanna Wachowski', 463500000, 8.7, 87),
('A Beautiful Mind', 2001, '2hr 15min', 'Drama', 'Ron Howard', 313000000, 8.2, 75);*/


insert into [dbo].[actors] (filmName,actorName) values 
('The Shawshank Redemption', 'Tim Robbins'),
('The Shawshank Redemption', 'Morgan Freeman'),
('The Shawshank Redemption', 'Rob Gunton'),
('Good Will Hunting', 'Matt Damon'),
('Good Will Hunting', 'Robin Williams'),
('Good Will Hunting', 'Ben Affleck'),
('The Hunt For Red October', 'Sean Connery'),
('The Hunt For Red October', 'Alec Baldwin'),
('The Hunt For Red October', 'Scott Glenn'),
('Suicide Squad', 'Will Smith'),
('Suicide Squad', 'Jared Leto'), 
('Suicide Squad', 'Margot Robbie'),
('Suicide Squad', 'Joel Kinnam'), 
('Suicide Squad', 'Cara Delevingne'),
('American Sniper', 'Bradley Cooper'),
('American Sniper', 'Sienna Miller'),
('American Sniper', 'Luke Grimes'),
('Gran Torino', 'Clint Eastwood'),
('Gran Torino', 'Bee Vang'), 
('Gran Torino', 'Ahney Her'),
('The Hangover', 'Bradley Cooper'), 
('The Hangover', 'Ed Helms'), 
('The Hangover', 'Zach Glifianakis'), 
('The Hangover Part II', 'Bradley Cooper'),
('The Hangover Part II', 'Ed Helms'), 
('The Hangover Part II', 'Zach Glifianakis'), 
('The Hangover Part III', 'Bradley Cooper'), 
('The Hangover Part III', 'Ed Helms'), 
('The Hangover Part III', 'Zach Glifianakis'), 
('Braveheart', 'Catherine McCormack'), 
('Braveheart', 'Mel Gibson'), 
('Braveheart', 'Sophie Marceau'), 
('The Patriot', 'Mel Gibson'), 
('The Patriot', 'Heath Ledger'), 
('The Patriot', 'Joely Richardson'),
('FernGully', 'Robin Williams'), 
('FernGully','Tim Curry'), 
('FernGully','Samantha Mathis') , 
('Insidious Chapter 2', 'Patrick Wilson') , 
('Insidious Chapter 2', 'Rose Byrne'), 
('Insidious Chapter 2', 'Ty Simpkins'), 
('Black Hawk Down', 'Josh Hartnett'), 
('Black Hawk Down', 'Ewan, McGregor'), 
('Black Hawk Down', 'Tom Sizemore'),
('Scent of a Woman','Al Pacino'),
('Scent of a Woman','Chris ODonnell'),
('Ronin','Robert De Niro'),
('Ronin','Jean Reno'),
('Ronin','Natascha McElhone'),
('Goosebumps','Jack Black'),
('Goosebumps','Dylan Minnette'),
('Goosebumps', 'Odeya Rush'),
('A Christmans Story','Perter Billingsley'),
('A Christmans Story','Darren Mcgavin'),
('A Christmans Story','Melinda Dillon'),
('Lethal Weapon','Mel Gibson'),
('Lethal Weapon', 'Danny Glover'),
('Lethal Weapon', 'Traci Wolfe'),
('Shaft', 'Samluel L. Jackson'),
('Shaft', 'Vanessa Williams'),
('Shaft', 'Jeffery Wright'),
('A Low Down Dirty Shame', 'Keenen Ivory Wayans'),
('A Low Down Dirty Shame', 'Charles S Dutton'),
('A Low Down Dirty Shame', 'Jada Pinkett Smith'),
('The Last Boy Scout', 'Damon Wayans'),
('The Last Boy Scout', 'Chelsa Field'),
('The Last Boy Scout', 'Bruce Willis'),
('The Matrix', 'Keanu Reeves'),
('The Matrix', 'Laurence Fishburne'),
('The Matrix', 'Carrie-Anne Moss'),
('A Beautiful Mind','Russell Crowe'),
('A Beautiful Mind', 'Jennifer Connelly'),
('A Beautiful Mind', 'Ed Harris');



insert into [dbo].[rating] (filmName, rating) values
('The Shawshank Redemption', 8.7),
('The Shawshank Redemption', 7.8),
('The Shawshank Redemption',6.8),
( 'Good Will Hunting', 7.8), ('Good Will Hunting', 6.2), ('Good Will Hunting', 7.4),
('The Hunt For Red October', 7.8), ('The Hunt For Red October',9.9), ('The Hunt For Red October', 10.0),
('Suicide Squad',4.5), ('Suicide Squad',3.2), ('Suicide Squad', 4.2), ('Suicide Squad', 1.1), 
('American Sniper',9.9), ('American Sniper', 7.8), ('American Sniper', 4.3),
('Gran Torino', 8.6), ('Gran Torino',5.4), ('Gran Torino', 9.5),
('The Hangover', 4.5) , ('The Hangover',3.2) , ('The Hangover',1.1) , 
('The Hangover Part II',1.1) , ('The Hangover Part II',3.2) , ('The Hangover Part II',4.1) ,
('The Hangover Part III',1.1) , ('The Hangover Part III',2.1) , ('The Hangover Part III', 0.1),
('Braveheart',7.8), ('Braveheart',6.7), ('Braveheart',5.4), 
('The Patriot',6.7), ('The Patriot',6.5), ('The Patriot',8.7) , 
('FernGully',6.5), ('FernGully',4.5), ('FernGully',7.5),
( 'Insidious Chapter 2',5.7) , ( 'Insidious Chapter 2',5.5), ( 'Insidious Chapter 2',4.9),
('Black Hawk Down',7.6), ('Black Hawk Down',6.8), ('Black Hawk Down',9.8),
('Scent of a Woman',8.9), ('Scent of a Woman',8.7),('Scent of a Woman',7.6),
('Ronin',6.7), ('Ronin',5.8), ('Ronin',6.3),
('Goosebumps',4.5), ('Goosebumps',3.5), ('Goosebumps',5.0),
('A Christmans Story',9.8), ('A Christmans Story',9.9),('A Christmans Story',9.7),
('Lethal Weapon',7.6), ('Lethal Weapon', 6.4),('Lethal Weapon',7.8),
('Shaft',4.8),('Shaft',5.6),('Shaft',8.3),
('A Low Down Dirty Shame', 9.9), ('A Low Down Dirty Shame',8.7), ('A Low Down Dirty Shame',7.8),
('The Last Boy Scout',6.4), ('The Last Boy Scout',6.8),('The Last Boy Scout',7.8),
('The Matrix',6.7), ('The Matrix',6.4),('The Matrix',6.9),
('A Beautiful Mind',7.8), ('A Beautiful Mind',7.4),('A Beautiful Mind',9.0);

